Workbook

Sheet Risk Register
A1: Risk ID | B1: Context Source | C1: Asset / Area | D1: Risk | E1: Likelihood (1-5) | F1: Impact (1-5) | G1: Inherent Score | H1: Inherent Rating | I1: Existing Control | J1: ITGC Evidence Reference | K1: Treatment | L1: Planned Action | M1: Risk Owner | N1: Action Owner | O1: Residual Likelihood (1-5) | P1: Residual Impact (1-5) | Q1: Residual Score | R1: Residual Rating | S1: Residual Rationale
A2: R-001 | B2: Okta identity dependency | C2: User accounts | D2: Users retain access no longer appropriate for their role | E2: 3 | F2: 4 | G2: =E2*F2 | H2: =IF(G2>=20,"Critical",IF(G2>=11,"High",IF(G2>=6,"Medium","Low"))) | I2: Quarterly access reviews | J2: 04-User-Access-Management: UAM-T001 (E-001 to E-003) | K2: Reduce | L2: Continue quarterly reviews; extend testing to Q2-Q4 | M2: Application Owners | N2: Application Owners | O2: 2 | P2: 4 | Q2: =O2*P2 | R2: =IF(Q2>=20,"Critical",IF(Q2>=11,"High",IF(Q2>=6,"Medium","Low"))) | S2: Quarterly review lowers likelihood. Only Q1 was tested, and impact of retained access is unchanged.
A3: R-002 | B3: Okta identity dependency | C3: New user access | D3: Users granted unapproved or excessive access | E3: 3 | F3: 4 | G3: =E3*F3 | H3: =IF(G3>=20,"Critical",IF(G3>=11,"High",IF(G3>=6,"Medium","Low"))) | I3: Manager approval required before provisioning | J3: 04-User-Access-Management: UAM-T002 (E-004 to E-006) | K3: Reduce | L3: Maintain approval workflow | M3: IT Manager | N3: IT Manager | O3: 2 | P3: 4 | Q3: =O3*P3 | R3: =IF(Q3>=20,"Critical",IF(Q3>=11,"High",IF(Q3>=6,"Medium","Low"))) | S3: Approval before provisioning lowers likelihood. Impact of excessive access is unchanged.
A4: R-003 | B4: Employee lifecycle | C4: Terminated user accounts | D4: Terminated employees retain system access | E4: 3 | F4: 5 | G4: =E4*F4 | H4: =IF(G4>=20,"Critical",IF(G4>=11,"High",IF(G4>=6,"Medium","Low"))) | I4: Account deactivation within 1-business-day SLA | J4: 04-User-Access-Management: UAM-T003 (E-007, E-008) | K4: Reduce | L4: Maintain SLA monitoring | M4: IT Manager | N4: IT Manager | O4: 1 | P4: 5 | Q4: =O4*P4 | R4: =IF(Q4>=20,"Critical",IF(Q4>=11,"High",IF(Q4>=6,"Medium","Low"))) | S4: Automated deactivation makes occurrence rare, but a retained account would still have severe consequences.
A5: R-004 | B5: Okta dependency; IT and review functions share a reporting line | C5: Privileged accounts | D5: Inappropriate privileged access goes undetected because review lacks independence | E5: 3 | F5: 5 | G5: =E5*F5 | H5: =IF(G5>=20,"Critical",IF(G5>=11,"High",IF(G5>=6,"Medium","Low"))) | I5: Quarterly privileged access review | J5: 04-User-Access-Management: UAM-T004 (E-009, E-010); SoD observation in 07-Audit-Report | K5: Reduce | L5: Add independent Security/Compliance co-review | M5: IT Manager | N5: Security/Compliance function (role to be assigned) | O5: 2 | P5: 5 | Q5: =O5*P5 | R5: =IF(Q5>=20,"Critical",IF(Q5>=11,"High",IF(Q5>=6,"Medium","Low"))) | S5: Quarterly review reduces likelihood somewhat. The lack of independent review limits further reduction, and impact remains severe.
A6: R-005 | B6: AWS cloud dependency | C6: Production environment | D6: Unauthorized or untested changes cause outage or data issues | E6: 2 | F6: 5 | G6: =E6*F6 | H6: =IF(G6>=20,"Critical",IF(G6>=11,"High",IF(G6>=6,"Medium","Low"))) | I6: Approval and testing before production deployment | J6: 05-Change-Management: CHG-T001 (E-011 to E-014) | K6: Reduce | L6: Maintain change workflow | M6: Engineering Manager | N6: Engineering Manager | O6: 1 | P6: 5 | Q6: =O6*P6 | R6: =IF(Q6>=20,"Critical",IF(Q6>=11,"High",IF(Q6>=6,"Medium","Low"))) | S6: Approval and testing make unauthorized or untested changes rare. Outage impact is unchanged.
A7: R-006 | B7: AWS cloud dependency | C7: Production database | D7: Backup failures leave gaps in data recovery capability | E7: 2 | F7: 5 | G7: =E7*F7 | H7: =IF(G7>=20,"Critical",IF(G7>=11,"High",IF(G7>=6,"Medium","Low"))) | I7: Daily backup monitoring and failure investigation | J7: 06-Computer-Operations: OPS-T001 (E-015, E-018) | K7: Reduce | L7: Add periodic restore testing (outside current ITGC scope) | M7: Infrastructure Operations | N7: Infrastructure Operations | O7: 1 | P7: 5 | Q7: =O7*P7 | R7: =IF(Q7>=20,"Critical",IF(Q7>=11,"High",IF(Q7>=6,"Medium","Low"))) | S7: Monitoring and same-day remediation reduce likelihood. Restore testing is out of scope, so there is no impact credit.
A8: R-007 | B8: AWS cloud dependency | C8: Batch processing | D8: Batch failures disrupt operations or produce inaccurate processing | E8: 3 | F8: 3 | G8: =E8*F8 | H8: =IF(G8>=20,"Critical",IF(G8>=11,"High",IF(G8>=6,"Medium","Low"))) | I8: Batch job monitoring and failure investigation | J8: 06-Computer-Operations: OPS-T002 (E-016, E-019) | K8: Reduce | L8: Maintain monitoring | M8: Infrastructure Operations | N8: Infrastructure Operations | O8: 2 | P8: 3 | Q8: =O8*P8 | R8: =IF(Q8>=20,"Critical",IF(Q8>=11,"High",IF(Q8>=6,"Medium","Low"))) | S8: Two March failures occurred and were remediated. Likelihood stays at Unlikely and impact is unchanged.
A9: R-008 | B9: Enterprise customer contracts | C9: IT operations | D9: Incidents not identified, tracked, or resolved in time | E9: 2 | F9: 4 | G9: =E9*F9 | H9: =IF(G9>=20,"Critical",IF(G9>=11,"High",IF(G9>=6,"Medium","Low"))) | I9: Incident logging, tracking, and closure verification | J9: 06-Computer-Operations: OPS-T003 (E-017, E-020) | K9: Reduce | L9: Maintain incident process | M9: IT Manager | N9: IT Manager | O9: 1 | P9: 4 | Q9: =O9*P9 | R9: =IF(Q9>=20,"Critical",IF(Q9>=11,"High",IF(Q9>=6,"Medium","Low"))) | S9: Tracked closure lowers the chance an incident goes unresolved. Impact is unchanged.
A10: R-009 | B10: Enterprise SaaS market and customer expectations | C10: Customer data | D10: Unauthorized access to customer information | E10: 2 | F10: 5 | G10: =E10*F10 | H10: =IF(G10>=20,"Critical",IF(G10>=11,"High",IF(G10>=6,"Medium","Low"))) | I10: Okta MFA and access controls | J10: MFA enforcement not tested within ITGC scope | K10: Reduce | L10: Add MFA enforcement test in next audit cycle | M10: IT Manager | N10: IT Manager | O10: 2 | P10: 5 | Q10: =O10*P10 | R10: =IF(Q10>=20,"Critical",IF(Q10>=11,"High",IF(Q10>=6,"Medium","Low"))) | S10: MFA exists but was not tested, so no reduction is applied. Residual equals inherent.
A11: R-010 | B11: AWS shared responsibility model | C11: Cloud configuration | D11: Misconfiguration exposes data or services | E11: 3 | F11: 4 | G11: =E11*F11 | H11: =IF(G11>=20,"Critical",IF(G11>=11,"High",IF(G11>=6,"Medium","Low"))) | I11: None within current ITGC scope | J11: Not tested; control gap | K11: Reduce | L11: Introduce cloud configuration monitoring | M11: Infrastructure Operations | N11: Infrastructure Operations | O11: 3 | P11: 4 | Q11: =O11*P11 | R11: =IF(Q11>=20,"Critical",IF(Q11>=11,"High",IF(Q11>=6,"Medium","Low"))) | S11: No configuration monitoring control exists within scope. Residual risk equals inherent risk.
A12: R-011 | B12: Engineering-driven, cloud-native model | C12: Source code and secrets | D12: Insecure code or hardcoded credentials reach production | E12: 2 | F12: 4 | G12: =E12*F12 | H12: =IF(G12>=20,"Critical",IF(G12>=11,"High",IF(G12>=6,"Medium","Low"))) | I12: None within current ITGC scope | J12: Not tested; control gap | K12: Reduce | L12: Define secure SDLC controls | M12: Engineering Manager | N12: Engineering Manager | O12: 2 | P12: 4 | Q12: =O12*P12 | R12: =IF(Q12>=20,"Critical",IF(Q12>=11,"High",IF(Q12>=6,"Medium","Low"))) | S12: No secure SDLC control is currently within the ITGC audit scope, so no reduction in likelihood or impact can be justified. Residual risk equals inherent risk pending implementation and testing of secure SDLC controls.
A13: R-012 | B13: Third-party apps integrated via Okta SSO | C13: Downstream applications | D13: Compromise of a connected app through the SSO trust relationship | E13: 2 | F13: 3 | G13: =E13*F13 | H13: =IF(G13>=20,"Critical",IF(G13>=11,"High",IF(G13>=6,"Medium","Low"))) | I13: SSO-managed access lifecycle through Okta | J13: 04-User-Access-Management: UAM-T002, UAM-T003 (Okta lifecycle only; partial coverage) | K13: Reduce | L13: Review connected-app inventory annually | M13: IAM Administrator | N13: IAM Administrator | O13: 2 | P13: 3 | Q13: =O13*P13 | R13: =IF(Q13>=20,"Critical",IF(Q13>=11,"High",IF(Q13>=6,"Medium","Low"))) | S13: Current testing provides assurance over the Okta identity lifecycle but does not evaluate security controls within connected third-party SaaS applications. Because these trust relationships remain outside the tested scope, no reduction in residual risk is applied.
A15: Note: ITGC evidence references reflect Q1 2026 interim testing only. Control conclusions are based on the samples tested during the interim period and do not represent full-year operating effectiveness.
A16: Scoring: Inherent Score = Likelihood x Impact; Residual Score = Residual Likelihood x Residual Impact. Rating thresholds (Low 1-5, Medium 6-10, High 11-19, Critical 20-25) per 09-ISO27001-Risk-Assessment/Risk-Assessment-Methodology.md.
A17: Residual rule: tested controls reduce likelihood only; controls that are untested or outside ITGC scope earn no credit (residual equals inherent).

Sheet Summary
A1: Rating | B1: Inherent | C1: Residual
A2: Critical | B2: =COUNTIF('Risk Register'!$H$2:$H$13,A2) | C2: =COUNTIF('Risk Register'!$R$2:$R$13,A2)
A3: High | B3: =COUNTIF('Risk Register'!$H$2:$H$13,A3) | C3: =COUNTIF('Risk Register'!$R$2:$R$13,A3)
A4: Medium | B4: =COUNTIF('Risk Register'!$H$2:$H$13,A4) | C4: =COUNTIF('Risk Register'!$R$2:$R$13,A4)
A5: Low | B5: =COUNTIF('Risk Register'!$H$2:$H$13,A5) | C5: =COUNTIF('Risk Register'!$R$2:$R$13,A5)
A6: Total | B6: =SUM(B2:B5) | C6: =SUM(C2:C5)
